{"cameraMode":{"drawMode":0,"name":"Shaded","section":"Shading Mode"},"sceneLighting":false,"audioPlay":false,"sceneViewState":{"showFog":true,"showMaterialUpdate":false,"showSkybox":true,"showFlares":true,"showImageEffects":true,"showParticleSystems":true},"in2DMode":false,"pivot":{"x":6.2205305099487309,"y":7.1204304695129398,"z":1.838054895401001},"rotation":{"x":0.14053648710250855,"y":-0.0029701117891818287,"z":-0.00042149965884163976,"w":-0.9900709986686707},"size":7.153018474578857,"orthographic":false}