{"cameraMode":{"drawMode":0,"name":"Shaded","section":"Shading Mode"},"sceneLighting":false,"audioPlay":false,"sceneViewState":{"showFog":true,"showMaterialUpdate":false,"showSkybox":true,"showFlares":true,"showImageEffects":true,"showParticleSystems":true},"in2DMode":false,"pivot":{"x":-1.07358980178833,"y":2.6802709102630617,"z":0.1290413737297058},"rotation":{"x":-0.06024159491062164,"y":-0.032338567078113559,"z":0.0019526901887729765,"w":-0.9976579546928406},"size":7.272967338562012,"orthographic":false}