{"cameraMode":{"drawMode":0,"name":"Shaded","section":"Shading Mode"},"sceneLighting":false,"audioPlay":false,"sceneViewState":{"showFog":true,"showMaterialUpdate":false,"showSkybox":true,"showFlares":true,"showImageEffects":true,"showParticleSystems":true},"in2DMode":false,"pivot":{"x":-1.4149632453918458,"y":1.391580581665039,"z":-3.1662333011627199},"rotation":{"x":0.3498694896697998,"y":0.6146968007087708,"z":-0.35023248195648196,"w":0.6140654683113098},"size":5.832230567932129,"orthographic":false}