{"cameraMode":{"drawMode":0,"name":"Shaded","section":"Shading Mode"},"sceneLighting":false,"audioPlay":false,"sceneViewState":{"showFog":true,"showMaterialUpdate":false,"showSkybox":true,"showFlares":true,"showImageEffects":true,"showParticleSystems":true},"in2DMode":false,"pivot":{"x":0.46315816044807436,"y":2.6134016513824465,"z":1.1506872177124024},"rotation":{"x":0.16449929773807527,"y":0.04336216673254967,"z":-0.007241205312311649,"w":0.9853970408439636},"size":2.580332040786743,"orthographic":false}