{"cameraMode":{"drawMode":0,"name":"Shaded","section":"Shading Mode"},"sceneLighting":false,"audioPlay":false,"sceneViewState":{"showFog":true,"showMaterialUpdate":false,"showSkybox":true,"showFlares":true,"showImageEffects":true,"showParticleSystems":true},"in2DMode":false,"pivot":{"x":0.24000000953674317,"y":3.0,"z":-0.20999997854232789},"rotation":{"x":0.06303645670413971,"y":-0.8860005140304565,"z":0.441631019115448,"w":0.12645785510540009},"size":2.8578836917877199,"orthographic":false}