{"cameraMode":{"drawMode":0,"name":"Shaded","section":"Shading Mode"},"sceneLighting":false,"audioPlay":false,"sceneViewState":{"showFog":true,"showMaterialUpdate":false,"showSkybox":true,"showFlares":true,"showImageEffects":true,"showParticleSystems":true},"in2DMode":false,"pivot":{"x":-1.2234318256378174,"y":5.201405048370361,"z":2.13419246673584},"rotation":{"x":-0.03418493643403053,"y":0.7266754508018494,"z":-0.03625338524580002,"w":-0.6851714849472046},"size":2.8578836917877199,"orthographic":false}