{"cameraMode":{"drawMode":0,"name":"Shaded","section":"Shading Mode"},"sceneLighting":false,"audioPlay":false,"sceneViewState":{"showFog":true,"showMaterialUpdate":false,"showSkybox":true,"showFlares":true,"showImageEffects":true,"showParticleSystems":true},"in2DMode":false,"pivot":{"x":-22.95667266845703,"y":-31.579078674316408,"z":-69.00141906738281},"rotation":{"x":-0.15292221307754517,"y":-0.8466922044754028,"z":0.3739284873008728,"w":-0.34627240896224978},"size":2.8578836917877199,"orthographic":false}