{"cameraMode":{"drawMode":0,"name":"Shaded","section":"Shading Mode"},"sceneLighting":false,"audioPlay":false,"sceneViewState":{"showFog":true,"showMaterialUpdate":false,"showSkybox":true,"showFlares":true,"showImageEffects":true,"showParticleSystems":true},"in2DMode":false,"pivot":{"x":3.4999847412109377,"y":-140.0,"z":-5.250002861022949},"rotation":{"x":-0.01049885991960764,"y":-0.013498818501830101,"z":-0.00014174243551678956,"w":0.999853789806366},"size":722.7470703125,"orthographic":false}