{"cameraMode":{"drawMode":0,"name":"Shaded","section":"Shading Mode"},"sceneLighting":false,"audioPlay":false,"sceneViewState":{"showFog":true,"showMaterialUpdate":false,"showSkybox":true,"showFlares":true,"showImageEffects":true,"showParticleSystems":true},"in2DMode":false,"pivot":{"x":-1.0000014305114747,"y":1.0000007152557374,"z":2.202134132385254},"rotation":{"x":0.05959992855787277,"y":0.8889584541320801,"z":-0.12106107920408249,"w":0.43765851855278017},"size":1.4397640228271485,"orthographic":false}