{"cameraMode":{"drawMode":0,"name":"Shaded","section":"Shading Mode"},"sceneLighting":false,"audioPlay":false,"sceneViewState":{"showFog":true,"showMaterialUpdate":false,"showSkybox":true,"showFlares":true,"showImageEffects":true,"showParticleSystems":true},"in2DMode":false,"pivot":{"x":-133.80072021484376,"y":9.08900260925293,"z":-74.43856811523438},"rotation":{"x":0.0005132907535880804,"y":-0.9959026575088501,"z":0.090255007147789,"w":0.005629863124340773},"size":8.122674942016602,"orthographic":false}