{"cameraMode":{"drawMode":0,"name":"Shaded","section":"Shading Mode"},"sceneLighting":false,"audioPlay":false,"sceneViewState":{"showFog":true,"showMaterialUpdate":false,"showSkybox":true,"showFlares":true,"showImageEffects":true,"showParticleSystems":true},"in2DMode":false,"pivot":{"x":96.1208724975586,"y":14.89116096496582,"z":-79.6328125},"rotation":{"x":0.06670822203159332,"y":0.9321843981742859,"z":-0.22697563469409944,"w":0.2739787995815277},"size":0.34654751420021059,"orthographic":false}