{"cameraMode":{"drawMode":0,"name":"Shaded","section":"Shading Mode"},"sceneLighting":false,"audioPlay":false,"sceneViewState":{"showFog":true,"showMaterialUpdate":false,"showSkybox":true,"showFlares":true,"showImageEffects":true,"showParticleSystems":true},"in2DMode":false,"pivot":{"x":6.15657377243042,"y":-2.211590528488159,"z":-92.98616027832031},"rotation":{"x":-0.027532130479812623,"y":0.7143927812576294,"z":-0.028148218989372255,"w":-0.6986363530158997},"size":34.362945556640628,"orthographic":false}