{"cameraMode":{"drawMode":0,"name":"Shaded","section":"Shading Mode"},"sceneLighting":false,"audioPlay":false,"sceneViewState":{"showFog":true,"showMaterialUpdate":false,"showSkybox":true,"showFlares":true,"showImageEffects":true,"showParticleSystems":true},"in2DMode":false,"pivot":{"x":-49.220001220703128,"y":10.323701858520508,"z":-81.73999786376953},"rotation":{"x":0.4287070333957672,"y":0.12076955288648606,"z":-0.057951781898736957,"w":0.8934575915336609},"size":2.2195746898651125,"orthographic":false}