{"cameraMode":{"drawMode":0,"name":"Shaded","section":"Shading Mode"},"sceneLighting":false,"audioPlay":false,"sceneViewState":{"showFog":true,"showMaterialUpdate":false,"showSkybox":true,"showFlares":true,"showImageEffects":true,"showParticleSystems":true},"in2DMode":false,"pivot":{"x":-0.6166741847991943,"y":0.5608761310577393,"z":-0.3455538749694824},"rotation":{"x":0.1246681734919548,"y":-0.14777861535549165,"z":0.01877838559448719,"w":0.9809520244598389},"size":3.12585711479187,"orthographic":false}