{"cameraMode":{"drawMode":0,"name":"Shaded","section":"Shading Mode"},"sceneLighting":false,"audioPlay":false,"sceneViewState":{"showFog":true,"showMaterialUpdate":false,"showSkybox":true,"showFlares":true,"showImageEffects":true,"showParticleSystems":true},"in2DMode":false,"pivot":{"x":546.2036743164063,"y":341.7428283691406,"z":-186.09637451171876},"rotation":{"x":0.09765887260437012,"y":-0.04429548233747482,"z":0.004348652437329292,"w":0.9942241907119751},"size":326.0531005859375,"orthographic":false}