{"cameraMode":{"drawMode":0,"name":"Shaded","section":"Shading Mode"},"sceneLighting":false,"audioPlay":false,"sceneViewState":{"showFog":true,"showMaterialUpdate":false,"showSkybox":true,"showFlares":true,"showImageEffects":true,"showParticleSystems":true},"in2DMode":false,"pivot":{"x":-1.000001072883606,"y":1.0000005960464478,"z":2.1768674850463869},"rotation":{"x":0.05959992855787277,"y":0.8889584541320801,"z":-0.12106107920408249,"w":0.43765851855278017},"size":0.9598430395126343,"orthographic":false}