{"cameraMode":{"drawMode":0,"name":"Shaded","section":"Shading Mode"},"sceneLighting":true,"audioPlay":false,"sceneViewState":{"showFog":true,"showMaterialUpdate":false,"showSkybox":true,"showFlares":true,"showImageEffects":true,"showParticleSystems":true},"in2DMode":false,"pivot":{"x":248.093994140625,"y":100.92251586914063,"z":-119.35699462890625},"rotation":{"x":0.0266816895455122,"y":-0.020394273102283479,"z":-0.000544435519259423,"w":-0.9994357824325562},"size":157.7041778564453,"orthographic":false}