{"cameraMode":{"drawMode":0,"name":"Shaded","section":"Shading Mode"},"sceneLighting":false,"audioPlay":false,"sceneViewState":{"showFog":true,"showMaterialUpdate":false,"showSkybox":true,"showFlares":true,"showImageEffects":true,"showParticleSystems":true},"in2DMode":false,"pivot":{"x":-67.02000427246094,"y":108.67237854003906,"z":-3.088648796081543},"rotation":{"x":-0.00868573784828186,"y":-0.003002404933795333,"z":-0.000025791439838940278,"w":0.999957799911499},"size":217.14198303222657,"orthographic":false}