{"cameraMode":{"drawMode":0,"name":"Shaded","section":"Shading Mode"},"sceneLighting":false,"audioPlay":false,"sceneViewState":{"showFog":true,"showMaterialUpdate":false,"showSkybox":true,"showFlares":true,"showImageEffects":true,"showParticleSystems":true},"in2DMode":false,"pivot":{"x":-67.02000427246094,"y":96.06999969482422,"z":0.0},"rotation":{"x":-0.013184495270252228,"y":0.011996296234428883,"z":0.00015840657579246908,"w":0.9998411536216736},"size":329.96820068359377,"orthographic":false}