{"cameraMode":{"drawMode":0,"name":"Shaded","section":"Shading Mode"},"sceneLighting":false,"audioPlay":false,"sceneViewState":{"showFog":true,"showMaterialUpdate":false,"showSkybox":true,"showFlares":true,"showImageEffects":true,"showParticleSystems":true},"in2DMode":false,"pivot":{"x":569.3485717773438,"y":325.4922790527344,"z":59.53245162963867},"rotation":{"x":0.06775113195180893,"y":-0.014064012095332146,"z":0.0009553318377584219,"w":0.9976027011871338},"size":746.8831787109375,"orthographic":false}