{"cameraMode":{"drawMode":0,"name":"Shaded","section":"Shading Mode"},"sceneLighting":false,"audioPlay":false,"sceneViewState":{"showFog":true,"showMaterialUpdate":false,"showSkybox":true,"showFlares":true,"showImageEffects":true,"showParticleSystems":true},"in2DMode":false,"pivot":{"x":576.9998779296875,"y":288.4999694824219,"z":0.0},"rotation":{"x":0.06775113195180893,"y":-0.014064012095332146,"z":0.0009553318377584219,"w":0.9976027011871338},"size":2141.06103515625,"orthographic":false}