{"cameraMode":{"drawMode":0,"name":"Shaded","section":"Shading Mode"},"sceneLighting":false,"audioPlay":false,"sceneViewState":{"showFog":true,"showMaterialUpdate":false,"showSkybox":true,"showFlares":true,"showImageEffects":true,"showParticleSystems":true},"in2DMode":false,"pivot":{"x":463.010009765625,"y":422.5640563964844,"z":33.974998474121097},"rotation":{"x":-0.15713919699192048,"y":-0.01422334834933281,"z":0.0022634516935795547,"w":-0.9874714612960815},"size":924.6575317382813,"orthographic":false}