{"cameraMode":{"drawMode":0,"name":"Shaded","section":"Shading Mode"},"sceneLighting":false,"audioPlay":false,"sceneViewState":{"showFog":true,"showMaterialUpdate":false,"showSkybox":true,"showFlares":true,"showImageEffects":true,"showParticleSystems":true},"in2DMode":false,"pivot":{"x":-0.5843784213066101,"y":-0.06422930210828781,"z":-2.4722530841827394},"rotation":{"x":0.019765086472034456,"y":0.07104641199111939,"z":-0.0014088582247495652,"w":0.9972761869430542},"size":0.45289021730422976,"orthographic":false}