{"cameraMode":{"drawMode":0,"name":"Shaded","section":"Shading Mode"},"sceneLighting":false,"audioPlay":false,"sceneViewState":{"showFog":true,"showMaterialUpdate":false,"showSkybox":true,"showFlares":true,"showImageEffects":true,"showParticleSystems":true},"in2DMode":false,"pivot":{"x":-0.00009340047836303711,"y":0.912465512752533,"z":-0.048154473304748538},"rotation":{"x":0.05867036432027817,"y":0.7563727498054504,"z":-0.06849387288093567,"w":0.6478939652442932},"size":5.171008110046387,"orthographic":false}