{"cameraMode":{"drawMode":0,"name":"Shaded","section":"Shading Mode"},"sceneLighting":false,"audioPlay":false,"sceneViewState":{"showFog":true,"showMaterialUpdate":false,"showSkybox":true,"showFlares":true,"showImageEffects":true,"showParticleSystems":true},"in2DMode":false,"pivot":{"x":2.816316843032837,"y":1.0137500762939454,"z":-0.0012499999720603228},"rotation":{"x":0.019765086472034456,"y":0.07104641199111939,"z":-0.0014088582247495652,"w":0.9972761869430542},"size":13.812643051147461,"orthographic":false}