{"cameraMode":{"drawMode":0,"name":"Shaded","section":"Shading Mode"},"sceneLighting":false,"audioPlay":false,"sceneViewState":{"showFog":true,"showMaterialUpdate":false,"showSkybox":true,"showFlares":true,"showImageEffects":true,"showParticleSystems":true},"in2DMode":false,"pivot":{"x":0.07125000655651093,"y":0.32499998807907107,"z":-0.1875},"rotation":{"x":-0.04379965364933014,"y":0.007779394742101431,"z":-0.0003403060254640877,"w":-0.9990100264549255},"size":1.061184048652649,"orthographic":false}