{"cameraMode":{"drawMode":0,"name":"Shaded","section":"Shading Mode"},"sceneLighting":false,"audioPlay":false,"sceneViewState":{"showFog":true,"showMaterialUpdate":false,"showSkybox":true,"showFlares":true,"showImageEffects":true,"showParticleSystems":true},"in2DMode":false,"pivot":{"x":95.01879119873047,"y":128.2794189453125,"z":42.487030029296878},"rotation":{"x":0.04229741171002388,"y":-0.0000048756560317997359,"z":2.5743696596691736e-7,"w":0.9991050958633423},"size":534.545654296875,"orthographic":false}