{"cameraMode":{"drawMode":0,"name":"Shaded","section":"Shading Mode"},"sceneLighting":true,"audioPlay":false,"sceneViewState":{"showFog":true,"showMaterialUpdate":false,"showSkybox":true,"showFlares":true,"showImageEffects":true,"showParticleSystems":true},"in2DMode":false,"pivot":{"x":-1.5218238830566407,"y":0.18837587535381318,"z":-0.20094501972198487},"rotation":{"x":-0.06471352279186249,"y":0.03950393199920654,"z":-0.0025638085789978506,"w":-0.9971184134483337},"size":1.3611843585968018,"orthographic":false}