{"cameraMode":{"drawMode":0,"name":"Shaded","section":"Shading Mode"},"sceneLighting":false,"audioPlay":false,"sceneViewState":{"showFog":true,"showMaterialUpdate":false,"showSkybox":true,"showFlares":true,"showImageEffects":true,"showParticleSystems":true},"in2DMode":false,"pivot":{"x":0.9854549765586853,"y":0.01411023736000061,"z":-0.005624999757856131},"rotation":{"x":-0.09704586863517761,"y":0.07813848555088043,"z":-0.007642810232937336,"w":-0.9921784996986389},"size":636.2047729492188,"orthographic":false}